"DESCRIPTION","DURATION IN MS","NAME","PARENT SUITE","START TIME","STATUS","STOP TIME","SUB SUITE","SUITE","TEST CLASS","TEST METHOD"
"","95","Reassign slot - invalid token","SLOT FINANCE - Users - QA","Fri Feb 20 18:31:18 UTC 2026","failed","Fri Feb 20 18:31:18 UTC 2026","Cycles > Slots Management > Reassign Slot","User","",""
"","89","End Cycle - Success","SLOT FINANCE - Users - QA","Fri Feb 20 18:31:11 UTC 2026","passed","Fri Feb 20 18:31:11 UTC 2026","Cycles > End Cycle","User","",""
"","95","My Slot Position For a Cycle - Invalid Token","SLOT FINANCE - Users - QA","Fri Feb 20 18:31:15 UTC 2026","failed","Fri Feb 20 18:31:16 UTC 2026","Cycles > Slots Management > My Slot Position","User","",""
"","93","User Slot Position For a Cycle - No Auth","SLOT FINANCE - Users - QA","Fri Feb 20 18:31:16 UTC 2026","passed","Fri Feb 20 18:31:16 UTC 2026","Cycles > Slots Management > User Slot Position","User","",""
"","94","Get Group by ID – Missing Params","SLOT FINANCE - Users - QA","Fri Feb 20 18:31:08 UTC 2026","failed","Fri Feb 20 18:31:08 UTC 2026","Groups > Get Group by Id","User","",""
"","93","Cycles in a group - Invalid token","SLOT FINANCE - Users - QA","Fri Feb 20 18:31:13 UTC 2026","passed","Fri Feb 20 18:31:13 UTC 2026","Cycles > Get Cycles in Group","User","",""
"","94","Assign Slot Positions - No Auth","SLOT FINANCE - Users - QA","Fri Feb 20 18:31:16 UTC 2026","passed","Fri Feb 20 18:31:16 UTC 2026","Cycles > Slots Management > Assign Slot Position","User","",""
"","98","Forgot Password - Success","SLOT FINANCE - Users - QA","Fri Feb 20 18:31:03 UTC 2026","failed","Fri Feb 20 18:31:03 UTC 2026","Onboarding > Forgot Password > Forgot Password","User","",""
"Fields that can be updated include:  
- first_name: string  
- last_name: string  
- gender: string  
- phone: string  
- address: string  
- image: string  
- account: { bank_name: string; account_name: 
  string; account_number: string; }","96","Update user profile -empty salary field","SLOT FINANCE - Users - QA","Fri Feb 20 18:31:06 UTC 2026","failed","Fri Feb 20 18:31:06 UTC 2026","Profile > Update user profile","User","",""
"","90","View cycle member - Success","SLOT FINANCE - Users - QA","Fri Feb 20 18:31:14 UTC 2026","passed","Fri Feb 20 18:31:14 UTC 2026","Cycles > View Cycle Member","User","",""
"","96","Assign Slot Positions - invalid id","SLOT FINANCE - Users - QA","Fri Feb 20 18:31:16 UTC 2026","failed","Fri Feb 20 18:31:16 UTC 2026","Cycles > Slots Management > Assign Slot Position","User","",""
"","95","Get cycle by ID -invalid token","SLOT FINANCE - Users - QA","Fri Feb 20 18:31:14 UTC 2026","passed","Fri Feb 20 18:31:14 UTC 2026","Cycles > Get Cycle by ID","User","",""
"","98","Forgot Password - non existing email","SLOT FINANCE - Users - QA","Fri Feb 20 18:31:03 UTC 2026","failed","Fri Feb 20 18:31:03 UTC 2026","Onboarding > Forgot Password > Forgot Password","User","",""
"","97","Get Slot Position Contributions - No auth","SLOT FINANCE - Users - QA","Fri Feb 20 18:31:21 UTC 2026","passed","Fri Feb 20 18:31:21 UTC 2026","Contributions > Get Slot Position Contributions","User","",""
"","96","Slot swap by group admin - invalid id","SLOT FINANCE - Users - QA","Fri Feb 20 18:31:17 UTC 2026","failed","Fri Feb 20 18:31:17 UTC 2026","Cycles > Slots Management > Slot Swap by Group Admin","User","",""
"","94","Delete notification - Invalid token","SLOT FINANCE - Users - QA","Fri Feb 20 18:31:22 UTC 2026","passed","Fri Feb 20 18:31:22 UTC 2026","Notifications > Delete notification","User","",""
"","97","User notifications - success","SLOT FINANCE - Users - QA","Fri Feb 20 18:31:22 UTC 2026","failed","Fri Feb 20 18:31:22 UTC 2026","Notifications > User notifications","User","",""
"","95","End Cycle - Invalid id","SLOT FINANCE - Users - QA","Fri Feb 20 18:31:12 UTC 2026","passed","Fri Feb 20 18:31:12 UTC 2026","Cycles > End Cycle","User","",""
"","96","Get my cycles - Success","SLOT FINANCE - Users - QA","Fri Feb 20 18:31:12 UTC 2026","failed","Fri Feb 20 18:31:12 UTC 2026","Cycles > Get My Cycles","User","",""
"","93","Get Group by ID- invalid token","SLOT FINANCE - Users - QA","Fri Feb 20 18:31:08 UTC 2026","failed","Fri Feb 20 18:31:08 UTC 2026","Groups > Get Group by Id","User","",""
"status can be accepted or rejected","92","Accept or Reject Invite","SLOT FINANCE - Users - QA","Fri Feb 20 18:31:08 UTC 2026","passed","Fri Feb 20 18:31:08 UTC 2026","Groups > Accept or reject invite","User","",""
"","97","Dashboard","SLOT FINANCE - Users - QA","Fri Feb 20 18:31:04 UTC 2026","failed","Fri Feb 20 18:31:04 UTC 2026","Dashboard > Dashboard","User","",""
"","101","Upload a file-no file uploaded","SLOT FINANCE - Users - QA","Fri Feb 20 18:31:05 UTC 2026","failed","Fri Feb 20 18:31:05 UTC 2026","Uploads > Upload a file","User","",""
"","91","Slot swap decision","SLOT FINANCE - Users - QA","Fri Feb 20 18:31:17 UTC 2026","passed","Fri Feb 20 18:31:17 UTC 2026","Cycles > Slots Management > Slot Swap Decision","User","",""
"","96","Get My Cycle - No auth","SLOT FINANCE - Users - QA","Fri Feb 20 18:31:20 UTC 2026","passed","Fri Feb 20 18:31:21 UTC 2026","Contributions > Get My Cycle Contributions","User","",""
"","94","Slot Swap request - success","SLOT FINANCE - Users - QA","Fri Feb 20 18:31:17 UTC 2026","failed","Fri Feb 20 18:31:17 UTC 2026","Cycles > Slots Management > Slot Swap Request","User","",""
"","103","Login User - Success (Other User 1)","SLOT FINANCE - Users - QA","Fri Feb 20 18:31:03 UTC 2026","failed","Fri Feb 20 18:31:03 UTC 2026","Onboarding > Login","User","",""
"","100","Add Contribution - Success","SLOT FINANCE - Users - QA","Fri Feb 20 18:31:19 UTC 2026","failed","Fri Feb 20 18:31:19 UTC 2026","Contributions > Add Contribution","User","",""
"","98","Add Contribution - Empty slot position","SLOT FINANCE - Users - QA","Fri Feb 20 18:31:19 UTC 2026","failed","Fri Feb 20 18:31:19 UTC 2026","Contributions > Add Contribution","User","",""
"","99","Delete Upload-invalid token","SLOT FINANCE - Users - QA","Fri Feb 20 18:31:05 UTC 2026","passed","Fri Feb 20 18:31:05 UTC 2026","Uploads > Delete upload","User","",""
"### Overview.

Duration can be one of month/months/week/weeks.  
If the cycle the slot belongs to has a monthly frequency, then the durations should be in `week|weeks`, i.e.

``` json
{
 ""duration"": ""4 weeks""
 }

 ```

if the cycle frequency is monthly, then the duration should be in `month|months` i.e.

``` json
{
 ""duration"": ""4 months""
 }

 ```

> NOTE: Ensure the duration of slot freeze is not greater than duration of the cycle, i.e. a cycle with duration of 6 months, would not allow a slot freeze with duration of 7 months.","95","Slot freeze - success","SLOT FINANCE - Users - QA","Fri Feb 20 18:31:17 UTC 2026","failed","Fri Feb 20 18:31:17 UTC 2026","Cycles > Slots Management > Slot Freeze","User","",""
"","95","Get my cycles - Invalid token","SLOT FINANCE - Users - QA","Fri Feb 20 18:31:12 UTC 2026","passed","Fri Feb 20 18:31:13 UTC 2026","Cycles > Get My Cycles","User","",""
"","95","Slot Swap request - invalid token","SLOT FINANCE - Users - QA","Fri Feb 20 18:31:17 UTC 2026","failed","Fri Feb 20 18:31:17 UTC 2026","Cycles > Slots Management > Slot Swap Request","User","",""
"","94","Get User-No Auth","SLOT FINANCE - Users - QA","Fri Feb 20 18:31:06 UTC 2026","passed","Fri Feb 20 18:31:06 UTC 2026","Profile > Get user profile","User","",""
"","95","Delete Upload-success","SLOT FINANCE - Users - QA","Fri Feb 20 18:31:05 UTC 2026","passed","Fri Feb 20 18:31:05 UTC 2026","Uploads > Delete upload","User","",""
"If user_exists is false, the user must create an account before they can accept or reject an invite.  

If user_exists is true, the user has to be logged in to accept or reject an invite.","90","Validate invite token - success","SLOT FINANCE - Users - QA","Fri Feb 20 18:31:08 UTC 2026","passed","Fri Feb 20 18:31:08 UTC 2026","Groups > Validate invite token","User","",""
"","93","Delete all user notifications - invalid token","SLOT FINANCE - Users - QA","Fri Feb 20 18:31:23 UTC 2026","passed","Fri Feb 20 18:31:23 UTC 2026","Notifications > Delete all user notifications","User","",""
"","95","All Group Invites – Unauthorized","SLOT FINANCE - Users - QA","Fri Feb 20 18:31:08 UTC 2026","passed","Fri Feb 20 18:31:08 UTC 2026","Groups > All group invites","User","",""
"","95","Assign Slot Positions - Invalid Token","SLOT FINANCE - Users - QA","Fri Feb 20 18:31:16 UTC 2026","failed","Fri Feb 20 18:31:17 UTC 2026","Cycles > Slots Management > Assign Slot Position","User","",""
"","94","All Group Members – Unauthorized","SLOT FINANCE - Users - QA","Fri Feb 20 18:31:09 UTC 2026","passed","Fri Feb 20 18:31:09 UTC 2026","Groups > All group members","User","",""
"","104","Login User - non existing email","SLOT FINANCE - Users - QA","Fri Feb 20 18:31:03 UTC 2026","failed","Fri Feb 20 18:31:03 UTC 2026","Onboarding > Login","User","",""
"","95","View cycle member - invalid member id","SLOT FINANCE - Users - QA","Fri Feb 20 18:31:14 UTC 2026","failed","Fri Feb 20 18:31:14 UTC 2026","Cycles > View Cycle Member","User","",""
"","95","Get all filled cycle slots - invalid id","SLOT FINANCE - Users - QA","Fri Feb 20 18:31:15 UTC 2026","failed","Fri Feb 20 18:31:15 UTC 2026","Cycles > Slots Management > Fiiled Slots","User","",""
"","99","Get Contribution - Success","SLOT FINANCE - Users - QA","Fri Feb 20 18:31:19 UTC 2026","failed","Fri Feb 20 18:31:19 UTC 2026","Contributions > Get Contribution","User","",""
"","94","My Groups - Invalid Token","SLOT FINANCE - Users - QA","Fri Feb 20 18:31:07 UTC 2026","failed","Fri Feb 20 18:31:07 UTC 2026","Groups > My Groups","User","",""
"","100","Confirm Contribution - No auth","SLOT FINANCE - Users - QA","Fri Feb 20 18:31:20 UTC 2026","failed","Fri Feb 20 18:31:20 UTC 2026","Contributions > Confirm Contribution","User","",""
"","97","Get Slot Position Contributions - invalid token","SLOT FINANCE - Users - QA","Fri Feb 20 18:31:21 UTC 2026","passed","Fri Feb 20 18:31:21 UTC 2026","Contributions > Get Slot Position Contributions","User","",""
"","97","Start cycle - invalid end day","SLOT FINANCE - Users - QA","Fri Feb 20 18:31:10 UTC 2026","failed","Fri Feb 20 18:31:10 UTC 2026","Cycles > Start cycle","User","",""
"","93","Get available slots - No Auth","SLOT FINANCE - Users - QA","Fri Feb 20 18:31:19 UTC 2026","passed","Fri Feb 20 18:31:19 UTC 2026","Cycles > Slots Management > Available Slots","User","",""
"","100","Join cycle - invalid cycle id","SLOT FINANCE - Users - QA","Fri Feb 20 18:31:14 UTC 2026","failed","Fri Feb 20 18:31:14 UTC 2026","Cycles > Join Cycle","User","",""
"","99","Login User - empty requirement field","SLOT FINANCE - Users - QA","Fri Feb 20 18:31:03 UTC 2026","failed","Fri Feb 20 18:31:03 UTC 2026","Onboarding > Login","User","",""
"","123","Register User - Weak Password","SLOT FINANCE - Users - QA","Fri Feb 20 18:31:02 UTC 2026","failed","Fri Feb 20 18:31:02 UTC 2026","Onboarding > Register User","User","",""
"","100","Get upload","SLOT FINANCE - Users - QA","Fri Feb 20 18:31:05 UTC 2026","failed","Fri Feb 20 18:31:05 UTC 2026","Uploads > Get Upload","User","",""
"#### Notification Structure

- For recipient on the platform but not on the group:
    

``` json
{
  ""title"": ""SLOT Exchange Request"",
  ""message"": ""You have reecieved a slot exchange request from slot_user_name (slot position - slot_position)"",
  ""meta"": {
     ""exchange_id"": ""exchange_id"",
     ""slot"": {
          ""position"": ""slot_position"",
          ""percentage"": ""slot_percentage"",
          ""id"": ""slot_id""
          },
      ""group"": {
           ""name"": ""group.name"",
           ""id"": ""group.id""
         }
      },
  ""section"": ""slot_exchange_request"",
  ""user_id"": ""id"",
 }

 ```

- For recipient on the group:
    

``` json
{
  ""title"": ""SLOT Exchange Request"",
  ""message"": ""You have reecieved a slot exchange request from {{last_name}} {{first_name}} (slot position - {{slot_position}})"",
  ""meta"": {
    ""exchange_id"": ""{{exchange_id}}"",
    ""slot"": {
      ""position"": ""{{slot_position}}"",
      ""percentage"": ""{{slot_percentage}}"",
      ""id"": ""{{slot_id}}""
    }
  },
  ""section"": ""slot_exchange_request"",
  ""user_id"": ""{{recipient_user_id}}""
}

 ```","94","Slot exchange - Invalid Token","SLOT FINANCE - Users - QA","Fri Feb 20 18:31:18 UTC 2026","failed","Fri Feb 20 18:31:18 UTC 2026","Cycles > Slots Management > Slot Exchange","User","",""
"","97","Add Contribution - invalid token","SLOT FINANCE - Users - QA","Fri Feb 20 18:31:19 UTC 2026","passed","Fri Feb 20 18:31:19 UTC 2026","Contributions > Add Contribution","User","",""
"","114","View exchange request","SLOT FINANCE - Users - QA","Fri Feb 20 18:31:18 UTC 2026","passed","Fri Feb 20 18:31:18 UTC 2026","Cycles > Slots Management > View Exchange Request","User","",""
"","96","Start cycle - Invalid group ID","SLOT FINANCE - Users - QA","Fri Feb 20 18:31:10 UTC 2026","failed","Fri Feb 20 18:31:10 UTC 2026","Cycles > Start cycle","User","",""
"Fields that can be updated include:  
- first_name: string  
- last_name: string  
- gender: string  
- phone: string  
- address: string  
- image: string  
- account: { bank_name: string; account_name: 
  string; account_number: string; }","96","Update user profile -empty last name field","SLOT FINANCE - Users - QA","Fri Feb 20 18:31:06 UTC 2026","failed","Fri Feb 20 18:31:06 UTC 2026","Profile > Update user profile","User","",""
"","96","Get cycle settings - Success","SLOT FINANCE - Users - QA","Fri Feb 20 18:31:11 UTC 2026","failed","Fri Feb 20 18:31:11 UTC 2026","Cycles > Get Cycle Settings","User","",""
"","94","Get all filled cycle slots - success","SLOT FINANCE - Users - QA","Fri Feb 20 18:31:15 UTC 2026","failed","Fri Feb 20 18:31:15 UTC 2026","Cycles > Slots Management > Fiiled Slots","User","",""
"","95","Reassign slot - success","SLOT FINANCE - Users - QA","Fri Feb 20 18:31:18 UTC 2026","failed","Fri Feb 20 18:31:18 UTC 2026","Cycles > Slots Management > Reassign Slot","User","",""
"","95","My Groups – No Auth","SLOT FINANCE - Users - QA","Fri Feb 20 18:31:07 UTC 2026","failed","Fri Feb 20 18:31:07 UTC 2026","Groups > My Groups","User","",""
"Fields that can be updated include:  
- first_name: string  
- last_name: string  
- gender: string  
- phone: string  
- address: string  
- image: string  
- account: { bank_name: string; account_name: 
  string; account_number: string; }","94","Update user profile-invalid token","SLOT FINANCE - Users - QA","Fri Feb 20 18:31:06 UTC 2026","passed","Fri Feb 20 18:31:06 UTC 2026","Profile > Update user profile","User","",""
"### Overview.

Duration can be one of month/months/week/weeks.  
If the cycle the slot belongs to has a monthly frequency, then the durations should be in `week|weeks`, i.e.

``` json
{
 ""duration"": ""4 weeks""
 }

 ```

if the cycle frequency is monthly, then the duration should be in `month|months` i.e.

``` json
{
 ""duration"": ""4 months""
 }

 ```

> NOTE: Ensure the duration of slot freeze is not greater than duration of the cycle, i.e. a cycle with duration of 6 months, would not allow a slot freeze with duration of 7 months.","94","Slot freeze - invalid token","SLOT FINANCE - Users - QA","Fri Feb 20 18:31:17 UTC 2026","failed","Fri Feb 20 18:31:18 UTC 2026","Cycles > Slots Management > Slot Freeze","User","",""
"","93","Reset Password","SLOT FINANCE - Users - QA","Fri Feb 20 18:31:04 UTC 2026","passed","Fri Feb 20 18:31:04 UTC 2026","Onboarding > Forgot Password > Reset Password*","User","",""
"","92","Get all filled cycle slots - No Auth","SLOT FINANCE - Users - QA","Fri Feb 20 18:31:15 UTC 2026","passed","Fri Feb 20 18:31:15 UTC 2026","Cycles > Slots Management > Fiiled Slots","User","",""
"","94","User Slot Position For a Cycle - invalid user id","SLOT FINANCE - Users - QA","Fri Feb 20 18:31:16 UTC 2026","failed","Fri Feb 20 18:31:16 UTC 2026","Cycles > Slots Management > User Slot Position","User","",""
"","94","View cycle member - Invalid group id","SLOT FINANCE - Users - QA","Fri Feb 20 18:31:14 UTC 2026","failed","Fri Feb 20 18:31:15 UTC 2026","Cycles > View Cycle Member","User","",""
"","89","End Cycle - Forbidden","SLOT FINANCE - Users - QA","Fri Feb 20 18:31:12 UTC 2026","passed","Fri Feb 20 18:31:12 UTC 2026","Cycles > End Cycle","User","",""
"","98","Login User - invalid email","SLOT FINANCE - Users - QA","Fri Feb 20 18:31:03 UTC 2026","failed","Fri Feb 20 18:31:03 UTC 2026","Onboarding > Login","User","",""
"","97","My Slot Position For a Cycle - invalid id","SLOT FINANCE - Users - QA","Fri Feb 20 18:31:15 UTC 2026","failed","Fri Feb 20 18:31:15 UTC 2026","Cycles > Slots Management > My Slot Position","User","",""
"","96","Update Cycle - Invalid id","SLOT FINANCE - Users - QA","Fri Feb 20 18:31:12 UTC 2026","passed","Fri Feb 20 18:31:12 UTC 2026","Cycles > Edit Cycle","User","",""
"","95","Get available slots - Invalid token","SLOT FINANCE - Users - QA","Fri Feb 20 18:31:19 UTC 2026","failed","Fri Feb 20 18:31:19 UTC 2026","Cycles > Slots Management > Available Slots","User","",""
"","95","All Group Invites - invalid token","SLOT FINANCE - Users - QA","Fri Feb 20 18:31:08 UTC 2026","failed","Fri Feb 20 18:31:08 UTC 2026","Groups > All group invites","User","",""
"### Overview.

Duration can be one of month/months/week/weeks.  
If the cycle the slot belongs to has a monthly frequency, then the durations should be in `week|weeks`, i.e.

``` json
{
 ""duration"": ""4 weeks""
 }

 ```

if the cycle frequency is monthly, then the duration should be in `month|months` i.e.

``` json
{
 ""duration"": ""4 months""
 }

 ```

> NOTE: Ensure the duration of slot freeze is not greater than duration of the cycle, i.e. a cycle with duration of 6 months, would not allow a slot freeze with duration of 7 months.","96","Slot freeze - invalid slot id","SLOT FINANCE - Users - QA","Fri Feb 20 18:31:18 UTC 2026","failed","Fri Feb 20 18:31:18 UTC 2026","Cycles > Slots Management > Slot Freeze","User","",""
"","98","Get My Cycle - success","SLOT FINANCE - Users - QA","Fri Feb 20 18:31:20 UTC 2026","failed","Fri Feb 20 18:31:20 UTC 2026","Contributions > Get My Cycle Contributions","User","",""
"","95","Start cycle - Invalid token","SLOT FINANCE - Users - QA","Fri Feb 20 18:31:10 UTC 2026","passed","Fri Feb 20 18:31:10 UTC 2026","Cycles > Start cycle","User","",""
"","97","Get cycle members - invalid admin id","SLOT FINANCE - Users - QA","Fri Feb 20 18:31:13 UTC 2026","failed","Fri Feb 20 18:31:13 UTC 2026","Cycles > Get Cycle Members","User","",""
"","89","Update Cycle - Missing","SLOT FINANCE - Users - QA","Fri Feb 20 18:31:12 UTC 2026","passed","Fri Feb 20 18:31:12 UTC 2026","Cycles > Edit Cycle","User","",""
"### Overview.

Duration can be one of month/months/week/weeks.  
If the cycle the slot belongs to has a monthly frequency, then the durations should be in `week|weeks`, i.e.

``` json
{
 ""duration"": ""4 weeks""
 }

 ```

if the cycle frequency is monthly, then the duration should be in `month|months` i.e.

``` json
{
 ""duration"": ""4 months""
 }

 ```

> NOTE: Ensure the duration of slot freeze is not greater than duration of the cycle, i.e. a cycle with duration of 6 months, would not allow a slot freeze with duration of 7 months.","94","Slot freeze - No Auth","SLOT FINANCE - Users - QA","Fri Feb 20 18:31:18 UTC 2026","passed","Fri Feb 20 18:31:18 UTC 2026","Cycles > Slots Management > Slot Freeze","User","",""
"","94","Get cycle settings - No Auth Token","SLOT FINANCE - Users - QA","Fri Feb 20 18:31:11 UTC 2026","passed","Fri Feb 20 18:31:11 UTC 2026","Cycles > Get Cycle Settings","User","",""
"","98","Confirm Contribution - success","SLOT FINANCE - Users - QA","Fri Feb 20 18:31:20 UTC 2026","passed","Fri Feb 20 18:31:20 UTC 2026","Contributions > Confirm Contribution","User","",""
"","95","Create Group – Invalid token","SLOT FINANCE - Users - QA","Fri Feb 20 18:31:09 UTC 2026","failed","Fri Feb 20 18:31:09 UTC 2026","Groups > Create group","User","",""
"","94","Create Group – Unauthorized","SLOT FINANCE - Users - QA","Fri Feb 20 18:31:09 UTC 2026","passed","Fri Feb 20 18:31:09 UTC 2026","Groups > Create group","User","",""
"","96","Invite member - Missing Email","SLOT FINANCE - Users - QA","Fri Feb 20 18:31:07 UTC 2026","failed","Fri Feb 20 18:31:07 UTC 2026","Groups > Invite member","User","",""
"","89","Update Cycle - Forbidden (non-admin tries to edit)","SLOT FINANCE - Users - QA","Fri Feb 20 18:31:12 UTC 2026","passed","Fri Feb 20 18:31:12 UTC 2026","Cycles > Edit Cycle","User","",""
"","95","My Groups - Success","SLOT FINANCE - Users - QA","Fri Feb 20 18:31:06 UTC 2026","failed","Fri Feb 20 18:31:07 UTC 2026","Groups > My Groups","User","",""
"","93","Cycles in a group - No auth","SLOT FINANCE - Users - QA","Fri Feb 20 18:31:13 UTC 2026","passed","Fri Feb 20 18:31:13 UTC 2026","Cycles > Get Cycles in Group","User","",""
"#### Notification Structure

- For recipient on the platform but not on the group:
    

``` json
{
  ""title"": ""SLOT Exchange Request"",
  ""message"": ""You have reecieved a slot exchange request from slot_user_name (slot position - slot_position)"",
  ""meta"": {
     ""exchange_id"": ""exchange_id"",
     ""slot"": {
          ""position"": ""slot_position"",
          ""percentage"": ""slot_percentage"",
          ""id"": ""slot_id""
          },
      ""group"": {
           ""name"": ""group.name"",
           ""id"": ""group.id""
         }
      },
  ""section"": ""slot_exchange_request"",
  ""user_id"": ""id"",
 }

 ```

- For recipient on the group:
    

``` json
{
  ""title"": ""SLOT Exchange Request"",
  ""message"": ""You have reecieved a slot exchange request from {{last_name}} {{first_name}} (slot position - {{slot_position}})"",
  ""meta"": {
    ""exchange_id"": ""{{exchange_id}}"",
    ""slot"": {
      ""position"": ""{{slot_position}}"",
      ""percentage"": ""{{slot_percentage}}"",
      ""id"": ""{{slot_id}}""
    }
  },
  ""section"": ""slot_exchange_request"",
  ""user_id"": ""{{recipient_user_id}}""
}

 ```","94","Slot exchange - No Auth","SLOT FINANCE - Users - QA","Fri Feb 20 18:31:18 UTC 2026","passed","Fri Feb 20 18:31:18 UTC 2026","Cycles > Slots Management > Slot Exchange","User","",""
"","93","View cycle member - no auth","SLOT FINANCE - Users - QA","Fri Feb 20 18:31:15 UTC 2026","passed","Fri Feb 20 18:31:15 UTC 2026","Cycles > View Cycle Member","User","",""
"","93","Delete all user notifications - Success","SLOT FINANCE - Users - QA","Fri Feb 20 18:31:22 UTC 2026","passed","Fri Feb 20 18:31:22 UTC 2026","Notifications > Delete all user notifications","User","",""
"","99","Upload a file-invalid token","SLOT FINANCE - Users - QA","Fri Feb 20 18:31:05 UTC 2026","passed","Fri Feb 20 18:31:05 UTC 2026","Uploads > Upload a file","User","",""
"","100","Get upload- No Auth","SLOT FINANCE - Users - QA","Fri Feb 20 18:31:05 UTC 2026","failed","Fri Feb 20 18:31:05 UTC 2026","Uploads > Get Upload","User","",""
"","97","All Group Invites – Success","SLOT FINANCE - Users - QA","Fri Feb 20 18:31:08 UTC 2026","failed","Fri Feb 20 18:31:08 UTC 2026","Groups > All group invites","User","",""
"Fields that can be updated include:  
- first_name: string  
- last_name: string  
- gender: string  
- phone: string  
- address: string  
- image: string  
- account: { bank_name: string; account_name: 
  string; account_number: string; }","96","Update user profile -empty first name field","SLOT FINANCE - Users - QA","Fri Feb 20 18:31:06 UTC 2026","failed","Fri Feb 20 18:31:06 UTC 2026","Profile > Update user profile","User","",""
"","94","All Group Members – Invalid token","SLOT FINANCE - Users - QA","Fri Feb 20 18:31:09 UTC 2026","failed","Fri Feb 20 18:31:09 UTC 2026","Groups > All group members","User","",""
"","93","View cycle member - Invalid token","SLOT FINANCE - Users - QA","Fri Feb 20 18:31:15 UTC 2026","passed","Fri Feb 20 18:31:15 UTC 2026","Cycles > View Cycle Member","User","",""
"","92","Get my cycles - No Auth","SLOT FINANCE - Users - QA","Fri Feb 20 18:31:13 UTC 2026","passed","Fri Feb 20 18:31:13 UTC 2026","Cycles > Get My Cycles","User","",""
"","93","View Group Members – Unauthorized","SLOT FINANCE - Users - QA","Fri Feb 20 18:31:09 UTC 2026","passed","Fri Feb 20 18:31:09 UTC 2026","Groups > View group members","User","",""
"","98","Verify Email*","SLOT FINANCE - Users - QA","Fri Feb 20 18:31:02 UTC 2026","passed","Fri Feb 20 18:31:03 UTC 2026","Onboarding > Verify Email*","User","",""
"","89","Get cycle by ID - Success","SLOT FINANCE - Users - QA","Fri Feb 20 18:31:13 UTC 2026","passed","Fri Feb 20 18:31:13 UTC 2026","Cycles > Get Cycle by ID","User","",""
"","99","Get Cycle Contributions - No auth","SLOT FINANCE - Users - QA","Fri Feb 20 18:31:20 UTC 2026","passed","Fri Feb 20 18:31:20 UTC 2026","Contributions > Get Cycle Contributions","User","",""
"","96","Start cycle - Unauthorized User","SLOT FINANCE - Users - QA","Fri Feb 20 18:31:10 UTC 2026","passed","Fri Feb 20 18:31:10 UTC 2026","Cycles > Start cycle","User","",""
"","100","Recent activities","SLOT FINANCE - Users - QA","Fri Feb 20 18:31:04 UTC 2026","failed","Fri Feb 20 18:31:04 UTC 2026","Dashboard > Recent activities","User","",""
"","95","Slot swap by group admin - invalid token","SLOT FINANCE - Users - QA","Fri Feb 20 18:31:17 UTC 2026","failed","Fri Feb 20 18:31:17 UTC 2026","Cycles > Slots Management > Slot Swap by Group Admin","User","",""
"","97","Get Contribution - invalid token","SLOT FINANCE - Users - QA","Fri Feb 20 18:31:20 UTC 2026","passed","Fri Feb 20 18:31:20 UTC 2026","Contributions > Get Contribution","User","",""
"","95","Get all filled cycle slots - Invalid Token","SLOT FINANCE - Users - QA","Fri Feb 20 18:31:15 UTC 2026","failed","Fri Feb 20 18:31:15 UTC 2026","Cycles > Slots Management > Fiiled Slots","User","",""
"","95","Start cycle - Invalid min slot","SLOT FINANCE - Users - QA","Fri Feb 20 18:31:10 UTC 2026","failed","Fri Feb 20 18:31:10 UTC 2026","Cycles > Start cycle","User","",""
"","98","Get Contribution - No auth","SLOT FINANCE - Users - QA","Fri Feb 20 18:31:19 UTC 2026","passed","Fri Feb 20 18:31:20 UTC 2026","Contributions > Get Contribution","User","",""
"","96","Invite Member – Invalid Email","SLOT FINANCE - Users - QA","Fri Feb 20 18:31:07 UTC 2026","failed","Fri Feb 20 18:31:07 UTC 2026","Groups > Invite member","User","",""
"","95","Forgot Password - invalid email input","SLOT FINANCE - Users - QA","Fri Feb 20 18:31:03 UTC 2026","passed","Fri Feb 20 18:31:03 UTC 2026","Onboarding > Forgot Password > Forgot Password","User","",""
"","95","User Slot Position For a Cycle - invalid cycle id","SLOT FINANCE - Users - QA","Fri Feb 20 18:31:16 UTC 2026","failed","Fri Feb 20 18:31:16 UTC 2026","Cycles > Slots Management > User Slot Position","User","",""
"","94","User Slot Position For a Cycle - success","SLOT FINANCE - Users - QA","Fri Feb 20 18:31:16 UTC 2026","failed","Fri Feb 20 18:31:16 UTC 2026","Cycles > Slots Management > User Slot Position","User","",""
"","96","Start cycle - Success","SLOT FINANCE - Users - QA","Fri Feb 20 18:31:09 UTC 2026","failed","Fri Feb 20 18:31:10 UTC 2026","Cycles > Start cycle","User","",""
"","95","Resend verification email - success","SLOT FINANCE - Users - QA","Fri Feb 20 18:31:04 UTC 2026","failed","Fri Feb 20 18:31:04 UTC 2026","Onboarding > Resend verification email","User","",""
"","94","Dashboard No Auth","SLOT FINANCE - Users - QA","Fri Feb 20 18:31:04 UTC 2026","passed","Fri Feb 20 18:31:04 UTC 2026","Dashboard > Dashboard","User","",""
"","93","Reassign slot - No Auth","SLOT FINANCE - Users - QA","Fri Feb 20 18:31:18 UTC 2026","passed","Fri Feb 20 18:31:18 UTC 2026","Cycles > Slots Management > Reassign Slot","User","",""
"","89","Join cycle Copy - Forbidden","SLOT FINANCE - Users - QA","Fri Feb 20 18:31:14 UTC 2026","passed","Fri Feb 20 18:31:14 UTC 2026","Cycles > Join Cycle","User","",""
"","95","Start cycle -empty duration field","SLOT FINANCE - Users - QA","Fri Feb 20 18:31:10 UTC 2026","failed","Fri Feb 20 18:31:10 UTC 2026","Cycles > Start cycle","User","",""
"","94","Start cycle - No start date","SLOT FINANCE - Users - QA","Fri Feb 20 18:31:10 UTC 2026","passed","Fri Feb 20 18:31:10 UTC 2026","Cycles > Start cycle","User","",""
"","94","View Group Members – Success","SLOT FINANCE - Users - QA","Fri Feb 20 18:31:09 UTC 2026","failed","Fri Feb 20 18:31:09 UTC 2026","Groups > View group members","User","",""
"","98","Get My Cycle - invalid token","SLOT FINANCE - Users - QA","Fri Feb 20 18:31:20 UTC 2026","passed","Fri Feb 20 18:31:20 UTC 2026","Contributions > Get My Cycle Contributions","User","",""
"","97","All Group Invites - invalid id","SLOT FINANCE - Users - QA","Fri Feb 20 18:31:08 UTC 2026","failed","Fri Feb 20 18:31:08 UTC 2026","Groups > All group invites","User","",""
"","101","Get Group by ID – Success","SLOT FINANCE - Users - QA","Fri Feb 20 18:31:07 UTC 2026","failed","Fri Feb 20 18:31:07 UTC 2026","Groups > Get Group by Id","User","",""
"","95","User Slot Position For a Cycle - Invalid Token","SLOT FINANCE - Users - QA","Fri Feb 20 18:31:16 UTC 2026","failed","Fri Feb 20 18:31:16 UTC 2026","Cycles > Slots Management > User Slot Position","User","",""
"","98","Confirm Contribution - invalid token","SLOT FINANCE - Users - QA","Fri Feb 20 18:31:20 UTC 2026","passed","Fri Feb 20 18:31:20 UTC 2026","Contributions > Confirm Contribution","User","",""
"","95","Invite Member – Unauthorized","SLOT FINANCE - Users - QA","Fri Feb 20 18:31:07 UTC 2026","failed","Fri Feb 20 18:31:07 UTC 2026","Groups > Invite member","User","",""
"","90","Fulfil slot exchage request","SLOT FINANCE - Users - QA","Fri Feb 20 18:31:18 UTC 2026","passed","Fri Feb 20 18:31:19 UTC 2026","Cycles > Slots Management > Fulfill Exchange Request","User","",""
"","95","Get Group by ID – Invalid Group ID","SLOT FINANCE - Users - QA","Fri Feb 20 18:31:07 UTC 2026","failed","Fri Feb 20 18:31:08 UTC 2026","Groups > Get Group by Id","User","",""
"","167","Add event to calendar - No auth","SLOT FINANCE - Users - QA","Fri Feb 20 18:31:21 UTC 2026","failed","Fri Feb 20 18:31:22 UTC 2026","Calendar > Add event to calender","User","",""
"Fields that can be updated include:  
- first_name: string  
- last_name: string  
- gender: string  
- phone: string  
- address: string  
- image: string  
- account: { bank_name: string; account_name: 
  string; account_number: string; }","95","Update user profile-No Auth","SLOT FINANCE - Users - QA","Fri Feb 20 18:31:06 UTC 2026","passed","Fri Feb 20 18:31:06 UTC 2026","Profile > Update user profile","User","",""
"","100","Login User - invalid password","SLOT FINANCE - Users - QA","Fri Feb 20 18:31:03 UTC 2026","failed","Fri Feb 20 18:31:03 UTC 2026","Onboarding > Login","User","",""
"","90","Cycles in a group - Successs","SLOT FINANCE - Users - QA","Fri Feb 20 18:31:13 UTC 2026","passed","Fri Feb 20 18:31:13 UTC 2026","Cycles > Get Cycles in Group","User","",""
"","91","Delete cycle - Success","SLOT FINANCE - Users - QA","Fri Feb 20 18:31:11 UTC 2026","passed","Fri Feb 20 18:31:11 UTC 2026","Cycles > Delete Cycle","User","",""
"","96","Recent activities- no Auth token","SLOT FINANCE - Users - QA","Fri Feb 20 18:31:04 UTC 2026","passed","Fri Feb 20 18:31:05 UTC 2026","Dashboard > Recent activities","User","",""
"","96","Dashboard- invalid token","SLOT FINANCE - Users - QA","Fri Feb 20 18:31:04 UTC 2026","passed","Fri Feb 20 18:31:04 UTC 2026","Dashboard > Dashboard","User","",""
"","95","Get available slots - success","SLOT FINANCE - Users - QA","Fri Feb 20 18:31:19 UTC 2026","failed","Fri Feb 20 18:31:19 UTC 2026","Cycles > Slots Management > Available Slots","User","",""
"If user_exists is false, the user must create an account before they can accept or reject an invite.  

If user_exists is true, the user has to be logged in to accept or reject an invite.","90","Validate invite token - No Auth","SLOT FINANCE - Users - QA","Fri Feb 20 18:31:08 UTC 2026","passed","Fri Feb 20 18:31:08 UTC 2026","Groups > Validate invite token","User","",""
"","97","Start cycle - invalid start day","SLOT FINANCE - Users - QA","Fri Feb 20 18:31:10 UTC 2026","failed","Fri Feb 20 18:31:10 UTC 2026","Cycles > Start cycle","User","",""
"","92","Join cycle - Success","SLOT FINANCE - Users - QA","Fri Feb 20 18:31:14 UTC 2026","passed","Fri Feb 20 18:31:14 UTC 2026","Cycles > Join Cycle","User","",""
"","94","Confirm Token*","SLOT FINANCE - Users - QA","Fri Feb 20 18:31:02 UTC 2026","passed","Fri Feb 20 18:31:02 UTC 2026","Onboarding > Confrm Token*","User","",""
"","183","Add event to calendar","SLOT FINANCE - Users - QA","Fri Feb 20 18:31:21 UTC 2026","passed","Fri Feb 20 18:31:21 UTC 2026","Calendar > Add event to calender","User","",""
"If user_exists is false, the user must create an account before they can accept or reject an invite.  

If user_exists is true, the user has to be logged in to accept or reject an invite.","89","Validate invite token - Invalid token","SLOT FINANCE - Users - QA","Fri Feb 20 18:31:08 UTC 2026","passed","Fri Feb 20 18:31:08 UTC 2026","Groups > Validate invite token","User","",""
"","101","Login User - Success (Group Admin)","SLOT FINANCE - Users - QA","Fri Feb 20 18:31:03 UTC 2026","failed","Fri Feb 20 18:31:03 UTC 2026","Onboarding > Login","User","",""
"#### Notification Structure

- For recipient on the platform but not on the group:
    

``` json
{
  ""title"": ""SLOT Exchange Request"",
  ""message"": ""You have reecieved a slot exchange request from slot_user_name (slot position - slot_position)"",
  ""meta"": {
     ""exchange_id"": ""exchange_id"",
     ""slot"": {
          ""position"": ""slot_position"",
          ""percentage"": ""slot_percentage"",
          ""id"": ""slot_id""
          },
      ""group"": {
           ""name"": ""group.name"",
           ""id"": ""group.id""
         }
      },
  ""section"": ""slot_exchange_request"",
  ""user_id"": ""id"",
 }

 ```

- For recipient on the group:
    

``` json
{
  ""title"": ""SLOT Exchange Request"",
  ""message"": ""You have reecieved a slot exchange request from {{last_name}} {{first_name}} (slot position - {{slot_position}})"",
  ""meta"": {
    ""exchange_id"": ""{{exchange_id}}"",
    ""slot"": {
      ""position"": ""{{slot_position}}"",
      ""percentage"": ""{{slot_percentage}}"",
      ""id"": ""{{slot_id}}""
    }
  },
  ""section"": ""slot_exchange_request"",
  ""user_id"": ""{{recipient_user_id}}""
}

 ```","97","Slot exchange - success","SLOT FINANCE - Users - QA","Fri Feb 20 18:31:18 UTC 2026","failed","Fri Feb 20 18:31:18 UTC 2026","Cycles > Slots Management > Slot Exchange","User","",""
"","94","All Group Members – Success","SLOT FINANCE - Users - QA","Fri Feb 20 18:31:08 UTC 2026","failed","Fri Feb 20 18:31:09 UTC 2026","Groups > All group members","User","",""
"","94","End Cycle - No auth","SLOT FINANCE - Users - QA","Fri Feb 20 18:31:11 UTC 2026","passed","Fri Feb 20 18:31:12 UTC 2026","Cycles > End Cycle","User","",""
"","94","Get cycle settings - Invalid token","SLOT FINANCE - Users - QA","Fri Feb 20 18:31:11 UTC 2026","passed","Fri Feb 20 18:31:11 UTC 2026","Cycles > Get Cycle Settings","User","",""
"","92","Get User-invalid token","SLOT FINANCE - Users - QA","Fri Feb 20 18:31:06 UTC 2026","passed","Fri Feb 20 18:31:06 UTC 2026","Profile > Get user profile","User","",""
"","958","Register User - Success","SLOT FINANCE - Users - QA","Fri Feb 20 18:31:01 UTC 2026","passed","Fri Feb 20 18:31:02 UTC 2026","Onboarding > Register User","User","",""
"","96","Slot Swap request - No Auth","SLOT FINANCE - Users - QA","Fri Feb 20 18:31:17 UTC 2026","passed","Fri Feb 20 18:31:17 UTC 2026","Cycles > Slots Management > Slot Swap Request","User","",""
"","93","Join cycle - Invalid token","SLOT FINANCE - Users - QA","Fri Feb 20 18:31:14 UTC 2026","passed","Fri Feb 20 18:31:14 UTC 2026","Cycles > Join Cycle","User","",""
"","94","Update Cycle - No auth","SLOT FINANCE - Users - QA","Fri Feb 20 18:31:12 UTC 2026","passed","Fri Feb 20 18:31:12 UTC 2026","Cycles > Edit Cycle","User","",""
"","98","Get cycle settings - Invalid Cycle Id","SLOT FINANCE - Users - QA","Fri Feb 20 18:31:11 UTC 2026","failed","Fri Feb 20 18:31:11 UTC 2026","Cycles > Get Cycle Settings","User","",""
"","102","Get upload-invalid token","SLOT FINANCE - Users - QA","Fri Feb 20 18:31:05 UTC 2026","failed","Fri Feb 20 18:31:05 UTC 2026","Uploads > Get Upload","User","",""
"","95","Start cycle - No auth token","SLOT FINANCE - Users - QA","Fri Feb 20 18:31:10 UTC 2026","passed","Fri Feb 20 18:31:10 UTC 2026","Cycles > Start cycle","User","",""
"","98","User notifications -  No auth","SLOT FINANCE - Users - QA","Fri Feb 20 18:31:22 UTC 2026","passed","Fri Feb 20 18:31:22 UTC 2026","Notifications > User notifications","User","",""
"","145","Add event to calendar - invalid token","SLOT FINANCE - Users - QA","Fri Feb 20 18:31:21 UTC 2026","failed","Fri Feb 20 18:31:21 UTC 2026","Calendar > Add event to calender","User","",""
"","96","My Slot Position For a Cycle - success","SLOT FINANCE - Users - QA","Fri Feb 20 18:31:15 UTC 2026","failed","Fri Feb 20 18:31:15 UTC 2026","Cycles > Slots Management > My Slot Position","User","",""
"","95","View Group Members – Invalid token","SLOT FINANCE - Users - QA","Fri Feb 20 18:31:09 UTC 2026","failed","Fri Feb 20 18:31:09 UTC 2026","Groups > View group members","User","",""
"","96","Get cycle members - No Auth","SLOT FINANCE - Users - QA","Fri Feb 20 18:31:13 UTC 2026","passed","Fri Feb 20 18:31:13 UTC 2026","Cycles > Get Cycle Members","User","",""
"","98","Forgot Password - no authentication","SLOT FINANCE - Users - QA","Fri Feb 20 18:31:04 UTC 2026","failed","Fri Feb 20 18:31:04 UTC 2026","Onboarding > Forgot Password > Forgot Password","User","",""
"","96","Assign Slot Positions - user id","SLOT FINANCE - Users - QA","Fri Feb 20 18:31:16 UTC 2026","failed","Fri Feb 20 18:31:16 UTC 2026","Cycles > Slots Management > Assign Slot Position","User","",""
"","95","Join cycle - No auth","SLOT FINANCE - Users - QA","Fri Feb 20 18:31:14 UTC 2026","passed","Fri Feb 20 18:31:14 UTC 2026","Cycles > Join Cycle","User","",""
"","93","Read notification - No auth","SLOT FINANCE - Users - QA","Fri Feb 20 18:31:22 UTC 2026","passed","Fri Feb 20 18:31:22 UTC 2026","Notifications > Read notification","User","",""
"","95","User notifications - invalid token","SLOT FINANCE - Users - QA","Fri Feb 20 18:31:22 UTC 2026","passed","Fri Feb 20 18:31:22 UTC 2026","Notifications > User notifications","User","",""
"","93","Get cycle by ID - No auth","SLOT FINANCE - Users - QA","Fri Feb 20 18:31:14 UTC 2026","passed","Fri Feb 20 18:31:14 UTC 2026","Cycles > Get Cycle by ID","User","",""
"","94","Read notification - invalid token","SLOT FINANCE - Users - QA","Fri Feb 20 18:31:22 UTC 2026","passed","Fri Feb 20 18:31:22 UTC 2026","Notifications > Read notification","User","",""
"","192","Register User - invalid token","SLOT FINANCE - Users - QA","Fri Feb 20 18:31:02 UTC 2026","passed","Fri Feb 20 18:31:02 UTC 2026","Onboarding > Register User","User","",""
"","102","Upload a file-sucess","SLOT FINANCE - Users - QA","Fri Feb 20 18:31:05 UTC 2026","failed","Fri Feb 20 18:31:05 UTC 2026","Uploads > Upload a file","User","",""
"","93","Delete cycle - No auth","SLOT FINANCE - Users - QA","Fri Feb 20 18:31:11 UTC 2026","passed","Fri Feb 20 18:31:11 UTC 2026","Cycles > Delete Cycle","User","",""
"","89","Delete cycle - Forbidden","SLOT FINANCE - Users - QA","Fri Feb 20 18:31:11 UTC 2026","passed","Fri Feb 20 18:31:11 UTC 2026","Cycles > Delete Cycle","User","",""
"","89","Update Cycle - Success","SLOT FINANCE - Users - QA","Fri Feb 20 18:31:12 UTC 2026","passed","Fri Feb 20 18:31:12 UTC 2026","Cycles > Edit Cycle","User","",""
"","95","All Group Members – invalid id","SLOT FINANCE - Users - QA","Fri Feb 20 18:31:09 UTC 2026","failed","Fri Feb 20 18:31:09 UTC 2026","Groups > All group members","User","",""
"","93","Delete notification - No auth Copy 2","SLOT FINANCE - Users - QA","Fri Feb 20 18:31:22 UTC 2026","passed","Fri Feb 20 18:31:22 UTC 2026","Notifications > Delete notification","User","",""
"","95","Cycles in a group - invalid group id","SLOT FINANCE - Users - QA","Fri Feb 20 18:31:13 UTC 2026","failed","Fri Feb 20 18:31:13 UTC 2026","Cycles > Get Cycles in Group","User","",""
"","96","Start cycle - Max slot","SLOT FINANCE - Users - QA","Fri Feb 20 18:31:11 UTC 2026","failed","Fri Feb 20 18:31:11 UTC 2026","Cycles > Start cycle","User","",""
"","97","Get User Profile","SLOT FINANCE - Users - QA","Fri Feb 20 18:31:06 UTC 2026","failed","Fri Feb 20 18:31:06 UTC 2026","Profile > Get user profile","User","",""
"","98","Delete Upload-No Auth","SLOT FINANCE - Users - QA","Fri Feb 20 18:31:05 UTC 2026","passed","Fri Feb 20 18:31:06 UTC 2026","Uploads > Delete upload","User","",""
"","96","Slot Swap request - invalid id","SLOT FINANCE - Users - QA","Fri Feb 20 18:31:17 UTC 2026","failed","Fri Feb 20 18:31:17 UTC 2026","Cycles > Slots Management > Slot Swap Request","User","",""
"","102","Invite Member – invalid token","SLOT FINANCE - Users - QA","Fri Feb 20 18:31:07 UTC 2026","failed","Fri Feb 20 18:31:07 UTC 2026","Groups > Invite member","User","",""
"","102","Add Contribution - no auth","SLOT FINANCE - Users - QA","Fri Feb 20 18:31:19 UTC 2026","passed","Fri Feb 20 18:31:19 UTC 2026","Contributions > Add Contribution","User","",""
"","96","Slot swap by group admin - No Auth","SLOT FINANCE - Users - QA","Fri Feb 20 18:31:17 UTC 2026","passed","Fri Feb 20 18:31:17 UTC 2026","Cycles > Slots Management > Slot Swap by Group Admin","User","",""
"","107","Register User - Empty requirement field","SLOT FINANCE - Users - QA","Fri Feb 20 18:31:02 UTC 2026","failed","Fri Feb 20 18:31:02 UTC 2026","Onboarding > Register User","User","",""
"","99","Get Slot Position Contributions - success","SLOT FINANCE - Users - QA","Fri Feb 20 18:31:21 UTC 2026","passed","Fri Feb 20 18:31:21 UTC 2026","Contributions > Get Slot Position Contributions","User","",""
"","93","Delete notification - Success","SLOT FINANCE - Users - QA","Fri Feb 20 18:31:22 UTC 2026","passed","Fri Feb 20 18:31:22 UTC 2026","Notifications > Delete notification","User","",""
"","89","Read notification - Success","SLOT FINANCE - Users - QA","Fri Feb 20 18:31:22 UTC 2026","passed","Fri Feb 20 18:31:22 UTC 2026","Notifications > Read notification","User","",""
"","93","Delete all user notifications - No auth","SLOT FINANCE - Users - QA","Fri Feb 20 18:31:22 UTC 2026","passed","Fri Feb 20 18:31:23 UTC 2026","Notifications > Delete all user notifications","User","",""
"","90","Get cycle members - Success","SLOT FINANCE - Users - QA","Fri Feb 20 18:31:13 UTC 2026","passed","Fri Feb 20 18:31:13 UTC 2026","Cycles > Get Cycle Members","User","",""
"","92","Change Password","SLOT FINANCE - Users - QA","Fri Feb 20 18:31:04 UTC 2026","passed","Fri Feb 20 18:31:04 UTC 2026","Onboarding > Change Password","User","",""
"","96","My Slot Position For a Cycle - No Auth","SLOT FINANCE - Users - QA","Fri Feb 20 18:31:15 UTC 2026","passed","Fri Feb 20 18:31:15 UTC 2026","Cycles > Slots Management > My Slot Position","User","",""
"","99","Upload a file-No Auth","SLOT FINANCE - Users - QA","Fri Feb 20 18:31:05 UTC 2026","passed","Fri Feb 20 18:31:05 UTC 2026","Uploads > Upload a file","User","",""
"","91","Post Create Group – Success","SLOT FINANCE - Users - QA","Fri Feb 20 18:31:09 UTC 2026","passed","Fri Feb 20 18:31:09 UTC 2026","Groups > Create group","User","",""
"","91","Delete cycle - Invalid token","SLOT FINANCE - Users - QA","Fri Feb 20 18:31:11 UTC 2026","passed","Fri Feb 20 18:31:11 UTC 2026","Cycles > Delete Cycle","User","",""
"","97","Get cycle by ID - Invalid cycle id","SLOT FINANCE - Users - QA","Fri Feb 20 18:31:13 UTC 2026","failed","Fri Feb 20 18:31:14 UTC 2026","Cycles > Get Cycle by ID","User","",""
"","95","Assign Slot Positions - success","SLOT FINANCE - Users - QA","Fri Feb 20 18:31:16 UTC 2026","failed","Fri Feb 20 18:31:16 UTC 2026","Cycles > Slots Management > Assign Slot Position","User","",""
"","96","Slot swap by group admin - success","SLOT FINANCE - Users - QA","Fri Feb 20 18:31:17 UTC 2026","failed","Fri Feb 20 18:31:17 UTC 2026","Cycles > Slots Management > Slot Swap by Group Admin","User","",""
"","90","Start cycle - Forbidden (non-admin user tries to start)","SLOT FINANCE - Users - QA","Fri Feb 20 18:31:10 UTC 2026","passed","Fri Feb 20 18:31:11 UTC 2026","Cycles > Start cycle","User","",""
"","93","Get Group by ID – No Auth","SLOT FINANCE - Users - QA","Fri Feb 20 18:31:07 UTC 2026","passed","Fri Feb 20 18:31:07 UTC 2026","Groups > Get Group by Id","User","",""
"","95","Recent activities- invalid token","SLOT FINANCE - Users - QA","Fri Feb 20 18:31:04 UTC 2026","passed","Fri Feb 20 18:31:04 UTC 2026","Dashboard > Recent activities","User","",""
"","93","Get cycle members - Invalid token","SLOT FINANCE - Users - QA","Fri Feb 20 18:31:13 UTC 2026","passed","Fri Feb 20 18:31:13 UTC 2026","Cycles > Get Cycle Members","User","",""
"","98","Add Contribution - Invalid slot position","SLOT FINANCE - Users - QA","Fri Feb 20 18:31:19 UTC 2026","failed","Fri Feb 20 18:31:19 UTC 2026","Contributions > Add Contribution","User","",""
"","106","Register User - invalid email","SLOT FINANCE - Users - QA","Fri Feb 20 18:31:02 UTC 2026","failed","Fri Feb 20 18:31:02 UTC 2026","Onboarding > Register User","User","",""
"","97","Invite member - Success","SLOT FINANCE - Users - QA","Fri Feb 20 18:31:07 UTC 2026","failed","Fri Feb 20 18:31:07 UTC 2026","Groups > Invite member","User","",""
"","135","Add event to calendar Copy","SLOT FINANCE - Users - QA","Fri Feb 20 18:31:21 UTC 2026","passed","Fri Feb 20 18:31:21 UTC 2026","Calendar > Add event to calender","User","",""
"Fields that can be updated include:  
- first_name: string  
- last_name: string  
- gender: string  
- phone: string  
- address: string  
- image: string  
- account: { bank_name: string; account_name: 
  string; account_number: string; }","99","Update user profile - success","SLOT FINANCE - Users - QA","Fri Feb 20 18:31:06 UTC 2026","failed","Fri Feb 20 18:31:06 UTC 2026","Profile > Update user profile","User","",""
"","96","Forgot Password - Invalid token","SLOT FINANCE - Users - QA","Fri Feb 20 18:31:03 UTC 2026","failed","Fri Feb 20 18:31:04 UTC 2026","Onboarding > Forgot Password > Forgot Password","User","",""
"","98","Get Cycle Contributions - success","SLOT FINANCE - Users - QA","Fri Feb 20 18:31:20 UTC 2026","passed","Fri Feb 20 18:31:20 UTC 2026","Contributions > Get Cycle Contributions","User","",""
"","91","Get my cycles - Invalid group id","SLOT FINANCE - Users - QA","Fri Feb 20 18:31:12 UTC 2026","passed","Fri Feb 20 18:31:12 UTC 2026","Cycles > Get My Cycles","User","",""
"","98","Get Cycle Contributions - invalid token","SLOT FINANCE - Users - QA","Fri Feb 20 18:31:20 UTC 2026","passed","Fri Feb 20 18:31:20 UTC 2026","Contributions > Get Cycle Contributions","User","",""
